t_s,load1,soc_c,ddr_c,cpu_mhz,process,cpu_pct
3.0,22.29,66.3,65.4,1500,astra_camera_container,24.6
3.0,22.29,66.3,65.4,1500,ydlidar_ros2_driver_node,3.0
3.0,22.29,66.3,65.4,1500,joy_node,4.3
3.0,22.29,66.3,65.4,1500,servo_controller,35.3
3.0,22.29,66.3,65.4,1500,tunnel_wall_follower,7.3
3.0,22.29,66.3,65.4,1500,road_perception,52.9
3.0,22.29,66.3,65.4,1500,local_memory,27.6
3.0,22.29,66.3,65.4,1500,uwb_ranges,1.3
3.0,22.29,66.3,65.4,1500,local_pose,39.3
3.0,22.29,66.3,65.4,1500,global_pose,30.6
3.0,22.29,66.3,65.4,1500,global_planner,3.3
3.0,22.29,66.3,65.4,1500,mission_logic,39.3
3.0,22.29,66.3,65.4,1500,corridor,38.0
3.0,22.29,66.3,65.4,1500,local_planner,42.0
3.0,22.29,66.3,65.4,1500,parking_planner,49.6
3.0,22.29,66.3,65.4,1500,recovery_planner,54.6
3.0,22.29,66.3,65.4,1500,path_tracker,34.6
3.0,22.29,66.3,65.4,1500,tunnel_bridge,21.3
3.0,22.29,66.3,65.4,1500,safety_monitor,43.3
3.0,22.29,66.3,65.4,1500,command_owner,41.3
3.0,22.29,66.3,65.4,1500,bpu_detector,46.6
3.0,22.29,66.3,65.4,1500,system_monitor,52.6
3.0,22.29,66.3,65.4,1500,calibration_wizard,41.6
3.0,22.29,66.3,65.4,1500,gui_server,57.6
3.0,22.29,66.3,65.4,1500,measure_load.py,2.3
6.1,22.51,66.0,65.2,1500,astra_camera_container,23.4
6.1,22.51,66.0,65.2,1500,ydlidar_ros2_driver_node,2.9
6.1,22.51,66.0,65.2,1500,joy_node,3.9
6.1,22.51,66.0,65.2,1500,servo_controller,35.0
6.1,22.51,66.0,65.2,1500,tunnel_wall_follower,7.5
6.1,22.51,66.0,65.2,1500,road_perception,53.5
6.1,22.51,66.0,65.2,1500,local_memory,27.2
6.1,22.51,66.0,65.2,1500,uwb_ranges,1.6
6.1,22.51,66.0,65.2,1500,local_pose,37.6
6.1,22.51,66.0,65.2,1500,global_pose,29.2
6.1,22.51,66.0,65.2,1500,global_planner,3.2
6.1,22.51,66.0,65.2,1500,mission_logic,38.9
6.1,22.51,66.0,65.2,1500,corridor,36.7
6.1,22.51,66.0,65.2,1500,local_planner,43.1
6.1,22.51,66.0,65.2,1500,parking_planner,47.7
6.1,22.51,66.0,65.2,1500,recovery_planner,53.8
6.1,22.51,66.0,65.2,1500,path_tracker,34.4
6.1,22.51,66.0,65.2,1500,tunnel_bridge,21.1
6.1,22.51,66.0,65.2,1500,safety_monitor,39.9
6.1,22.51,66.0,65.2,1500,command_owner,41.2
6.1,22.51,66.0,65.2,1500,bpu_detector,36.7
6.1,22.51,66.0,65.2,1500,system_monitor,55.5
6.1,22.51,66.0,65.2,1500,calibration_wizard,38.9
6.1,22.51,66.0,65.2,1500,gui_server,57.7
6.1,22.51,66.0,65.2,1500,measure_load.py,2.9
9.2,24.95,65.9,65.1,1500,astra_camera_container,23.6
9.2,24.95,65.9,65.1,1500,ydlidar_ros2_driver_node,2.3
9.2,24.95,65.9,65.1,1500,joy_node,3.9
9.2,24.95,65.9,65.1,1500,servo_controller,33.7
9.2,24.95,65.9,65.1,1500,tunnel_wall_follower,7.1
9.2,24.95,65.9,65.1,1500,road_perception,50.2
9.2,24.95,65.9,65.1,1500,local_memory,27.5
9.2,24.95,65.9,65.1,1500,uwb_ranges,1.3
9.2,24.95,65.9,65.1,1500,local_pose,36.9
9.2,24.95,65.9,65.1,1500,global_pose,30.1
9.2,24.95,65.9,65.1,1500,global_planner,3.6
9.2,24.95,65.9,65.1,1500,mission_logic,42.4
9.2,24.95,65.9,65.1,1500,corridor,35.6
9.2,24.95,65.9,65.1,1500,local_planner,41.8
9.2,24.95,65.9,65.1,1500,parking_planner,47.0
9.2,24.95,65.9,65.1,1500,recovery_planner,54.7
9.2,24.95,65.9,65.1,1500,path_tracker,33.0
9.2,24.95,65.9,65.1,1500,tunnel_bridge,20.7
9.2,24.95,65.9,65.1,1500,safety_monitor,43.1
9.2,24.95,65.9,65.1,1500,command_owner,40.2
9.2,24.95,65.9,65.1,1500,bpu_detector,35.0
9.2,24.95,65.9,65.1,1500,system_monitor,57.0
9.2,24.95,65.9,65.1,1500,calibration_wizard,41.5
9.2,24.95,65.9,65.1,1500,gui_server,58.0
9.2,24.95,65.9,65.1,1500,measure_load.py,2.6
12.3,24.95,65.9,65.0,1500,nxserver.bin,1.9
12.3,24.95,65.9,65.0,1500,astra_camera_container,24.0
12.3,24.95,65.9,65.0,1500,ydlidar_ros2_driver_node,2.9
12.3,24.95,65.9,65.0,1500,joy_node,3.9
12.3,24.95,65.9,65.0,1500,servo_controller,32.4
12.3,24.95,65.9,65.0,1500,tunnel_wall_follower,7.5
12.3,24.95,65.9,65.0,1500,road_perception,53.9
12.3,24.95,65.9,65.0,1500,local_memory,26.6
12.3,24.95,65.9,65.0,1500,uwb_ranges,1.6
12.3,24.95,65.9,65.0,1500,local_pose,37.6
12.3,24.95,65.9,65.0,1500,global_pose,28.9
12.3,24.95,65.9,65.0,1500,global_planner,3.2
12.3,24.95,65.9,65.0,1500,mission_logic,37.0
12.3,24.95,65.9,65.0,1500,corridor,36.3
12.3,24.95,65.9,65.0,1500,local_planner,42.5
12.3,24.95,65.9,65.0,1500,parking_planner,49.0
12.3,24.95,65.9,65.0,1500,recovery_planner,58.4
12.3,24.95,65.9,65.0,1500,path_tracker,34.4
12.3,24.95,65.9,65.0,1500,tunnel_bridge,21.1
12.3,24.95,65.9,65.0,1500,safety_monitor,40.9
12.3,24.95,65.9,65.0,1500,command_owner,39.3
12.3,24.95,65.9,65.0,1500,bpu_detector,43.8
12.3,24.95,65.9,65.0,1500,system_monitor,48.3
12.3,24.95,65.9,65.0,1500,calibration_wizard,38.9
12.3,24.95,65.9,65.0,1500,gui_server,59.0
12.3,24.95,65.9,65.0,1500,measure_load.py,2.3
15.3,24.88,65.7,64.6,1500,astra_camera_container,23.3
15.3,24.88,65.7,64.6,1500,ydlidar_ros2_driver_node,2.6
15.3,24.88,65.7,64.6,1500,joy_node,3.9
15.3,24.88,65.7,64.6,1500,servo_controller,31.7
15.3,24.88,65.7,64.6,1500,tunnel_wall_follower,7.4
15.3,24.88,65.7,64.6,1500,road_perception,51.8
15.3,24.88,65.7,64.6,1500,local_memory,27.2
15.3,24.88,65.7,64.6,1500,uwb_ranges,1.6
15.3,24.88,65.7,64.6,1500,local_pose,39.2
15.3,24.88,65.7,64.6,1500,global_pose,30.1
15.3,24.88,65.7,64.6,1500,global_planner,2.9
15.3,24.88,65.7,64.6,1500,mission_logic,38.9
15.3,24.88,65.7,64.6,1500,corridor,36.6
15.3,24.88,65.7,64.6,1500,local_planner,44.4
15.3,24.88,65.7,64.6,1500,parking_planner,46.3
15.3,24.88,65.7,64.6,1500,recovery_planner,55.7
15.3,24.88,65.7,64.6,1500,path_tracker,35.3
15.3,24.88,65.7,64.6,1500,tunnel_bridge,20.4
15.3,24.88,65.7,64.6,1500,safety_monitor,41.1
15.3,24.88,65.7,64.6,1500,command_owner,39.8
15.3,24.88,65.7,64.6,1500,bpu_detector,38.2
15.3,24.88,65.7,64.6,1500,system_monitor,55.7
15.3,24.88,65.7,64.6,1500,calibration_wizard,39.8
15.3,24.88,65.7,64.6,1500,gui_server,55.7
15.3,24.88,65.7,64.6,1500,measure_load.py,2.6
18.4,24.73,65.6,64.6,1500,astra_camera_container,24.4
18.4,24.73,65.6,64.6,1500,ydlidar_ros2_driver_node,2.6
18.4,24.73,65.6,64.6,1500,joy_node,3.9
18.4,24.73,65.6,64.6,1500,servo_controller,32.8
18.4,24.73,65.6,64.6,1500,tunnel_wall_follower,7.1
18.4,24.73,65.6,64.6,1500,road_perception,52.6
18.4,24.73,65.6,64.6,1500,local_memory,26.0
18.4,24.73,65.6,64.6,1500,uwb_ranges,1.6
18.4,24.73,65.6,64.6,1500,local_pose,37.3
18.4,24.73,65.6,64.6,1500,global_pose,29.5
18.4,24.73,65.6,64.6,1500,global_planner,3.2
18.4,24.73,65.6,64.6,1500,mission_logic,39.6
18.4,24.73,65.6,64.6,1500,corridor,35.7
18.4,24.73,65.6,64.6,1500,local_planner,46.1
18.4,24.73,65.6,64.6,1500,parking_planner,47.7
18.4,24.73,65.6,64.6,1500,recovery_planner,56.2
18.4,24.73,65.6,64.6,1500,path_tracker,32.8
18.4,24.73,65.6,64.6,1500,tunnel_bridge,20.5
18.4,24.73,65.6,64.6,1500,safety_monitor,40.6
18.4,24.73,65.6,64.6,1500,command_owner,43.8
18.4,24.73,65.6,64.6,1500,bpu_detector,37.3
18.4,24.73,65.6,64.6,1500,system_monitor,51.6
18.4,24.73,65.6,64.6,1500,calibration_wizard,40.9
18.4,24.73,65.6,64.6,1500,gui_server,57.1
18.4,24.73,65.6,64.6,1500,measure_load.py,2.6
21.5,24.73,65.4,64.3,1500,astra_camera_container,24.6
21.5,24.73,65.4,64.3,1500,ydlidar_ros2_driver_node,2.3
21.5,24.73,65.4,64.3,1500,joy_node,3.9
21.5,24.73,65.4,64.3,1500,servo_controller,32.1
21.5,24.73,65.4,64.3,1500,tunnel_wall_follower,7.1
21.5,24.73,65.4,64.3,1500,road_perception,53.5
21.5,24.73,65.4,64.3,1500,local_memory,26.6
21.5,24.73,65.4,64.3,1500,uwb_ranges,1.6
21.5,24.73,65.4,64.3,1500,local_pose,37.3
21.5,24.73,65.4,64.3,1500,global_pose,30.2
21.5,24.73,65.4,64.3,1500,global_planner,3.6
21.5,24.73,65.4,64.3,1500,mission_logic,38.6
21.5,24.73,65.4,64.3,1500,corridor,34.7
21.5,24.73,65.4,64.3,1500,local_planner,45.7
21.5,24.73,65.4,64.3,1500,parking_planner,47.7
21.5,24.73,65.4,64.3,1500,recovery_planner,57.1
21.5,24.73,65.4,64.3,1500,path_tracker,35.0
21.5,24.73,65.4,64.3,1500,tunnel_bridge,20.4
21.5,24.73,65.4,64.3,1500,safety_monitor,38.9
21.5,24.73,65.4,64.3,1500,command_owner,40.9
21.5,24.73,65.4,64.3,1500,bpu_detector,41.8
21.5,24.73,65.4,64.3,1500,system_monitor,49.6
21.5,24.73,65.4,64.3,1500,calibration_wizard,40.2
21.5,24.73,65.4,64.3,1500,gui_server,59.3
21.5,24.73,65.4,64.3,1500,measure_load.py,2.6
24.6,24.11,65.4,64.4,1500,nxserver.bin,1.3
24.6,24.11,65.4,64.4,1500,astra_camera_container,24.0
24.6,24.11,65.4,64.4,1500,ydlidar_ros2_driver_node,2.9
24.6,24.11,65.4,64.4,1500,joy_node,3.9
24.6,24.11,65.4,64.4,1500,servo_controller,33.3
24.6,24.11,65.4,64.4,1500,tunnel_wall_follower,7.8
24.6,24.11,65.4,64.4,1500,road_perception,47.9
24.6,24.11,65.4,64.4,1500,local_memory,26.2
24.6,24.11,65.4,64.4,1500,uwb_ranges,1.6
24.6,24.11,65.4,64.4,1500,local_pose,38.5
24.6,24.11,65.4,64.4,1500,global_pose,29.8
24.6,24.11,65.4,64.4,1500,global_planner,3.2
24.6,24.11,65.4,64.4,1500,mission_logic,40.1
24.6,24.11,65.4,64.4,1500,corridor,35.0
24.6,24.11,65.4,64.4,1500,local_planner,42.1
24.6,24.11,65.4,64.4,1500,parking_planner,48.6
24.6,24.11,65.4,64.4,1500,recovery_planner,54.7
24.6,24.11,65.4,64.4,1500,path_tracker,35.6
24.6,24.11,65.4,64.4,1500,tunnel_bridge,21.0
24.6,24.11,65.4,64.4,1500,safety_monitor,41.4
24.6,24.11,65.4,64.4,1500,command_owner,43.1
24.6,24.11,65.4,64.4,1500,bpu_detector,40.1
24.6,24.11,65.4,64.4,1500,system_monitor,48.9
24.6,24.11,65.4,64.4,1500,calibration_wizard,40.5
24.6,24.11,65.4,64.4,1500,gui_server,58.9
24.6,24.11,65.4,64.4,1500,measure_load.py,2.6
27.7,24.11,65.4,64.4,1500,astra_camera_container,24.0
27.7,24.11,65.4,64.4,1500,ydlidar_ros2_driver_node,2.3
27.7,24.11,65.4,64.4,1500,joy_node,3.9
27.7,24.11,65.4,64.4,1500,servo_controller,33.4
27.7,24.11,65.4,64.4,1500,tunnel_wall_follower,6.8
27.7,24.11,65.4,64.4,1500,road_perception,52.2
27.7,24.11,65.4,64.4,1500,local_memory,26.6
27.7,24.11,65.4,64.4,1500,uwb_ranges,1.3
27.7,24.11,65.4,64.4,1500,local_pose,37.9
27.7,24.11,65.4,64.4,1500,global_pose,29.8
27.7,24.11,65.4,64.4,1500,global_planner,3.2
27.7,24.11,65.4,64.4,1500,mission_logic,38.6
27.7,24.11,65.4,64.4,1500,corridor,37.3
27.7,24.11,65.4,64.4,1500,local_planner,44.4
27.7,24.11,65.4,64.4,1500,parking_planner,47.0
27.7,24.11,65.4,64.4,1500,recovery_planner,55.4
27.7,24.11,65.4,64.4,1500,path_tracker,35.7
27.7,24.11,65.4,64.4,1500,tunnel_bridge,20.7
27.7,24.11,65.4,64.4,1500,safety_monitor,42.5
27.7,24.11,65.4,64.4,1500,command_owner,41.5
27.7,24.11,65.4,64.4,1500,bpu_detector,36.0
27.7,24.11,65.4,64.4,1500,system_monitor,50.6
27.7,24.11,65.4,64.4,1500,calibration_wizard,41.2
27.7,24.11,65.4,64.4,1500,gui_server,58.7
27.7,24.11,65.4,64.4,1500,measure_load.py,2.6
30.8,23.46,65.3,64.4,1500,astra_camera_container,24.3
30.8,23.46,65.3,64.4,1500,ydlidar_ros2_driver_node,2.6
30.8,23.46,65.3,64.4,1500,joy_node,3.9
30.8,23.46,65.3,64.4,1500,servo_controller,33.1
30.8,23.46,65.3,64.4,1500,tunnel_wall_follower,7.8
30.8,23.46,65.3,64.4,1500,road_perception,52.8
30.8,23.46,65.3,64.4,1500,local_memory,27.2
30.8,23.46,65.3,64.4,1500,uwb_ranges,1.6
30.8,23.46,65.3,64.4,1500,local_pose,36.6
30.8,23.46,65.3,64.4,1500,global_pose,30.5
30.8,23.46,65.3,64.4,1500,global_planner,3.2
30.8,23.46,65.3,64.4,1500,mission_logic,38.2
30.8,23.46,65.3,64.4,1500,corridor,34.7
30.8,23.46,65.3,64.4,1500,local_planner,42.8
30.8,23.46,65.3,64.4,1500,parking_planner,48.3
30.8,23.46,65.3,64.4,1500,recovery_planner,56.7
30.8,23.46,65.3,64.4,1500,path_tracker,35.0
30.8,23.46,65.3,64.4,1500,tunnel_bridge,21.1
30.8,23.46,65.3,64.4,1500,safety_monitor,37.9
30.8,23.46,65.3,64.4,1500,command_owner,39.2
30.8,23.46,65.3,64.4,1500,bpu_detector,47.3
30.8,23.46,65.3,64.4,1500,system_monitor,48.0
30.8,23.46,65.3,64.4,1500,calibration_wizard,40.5
30.8,23.46,65.3,64.4,1500,gui_server,57.1
30.8,23.46,65.3,64.4,1500,measure_load.py,2.6
33.8,22.94,65.4,64.4,1500,astra_camera_container,24.7
33.8,22.94,65.4,64.4,1500,ydlidar_ros2_driver_node,2.6
33.8,22.94,65.4,64.4,1500,joy_node,3.9
33.8,22.94,65.4,64.4,1500,servo_controller,32.5
33.8,22.94,65.4,64.4,1500,tunnel_wall_follower,7.5
33.8,22.94,65.4,64.4,1500,road_perception,53.2
33.8,22.94,65.4,64.4,1500,local_memory,26.6
33.8,22.94,65.4,64.4,1500,uwb_ranges,1.9
33.8,22.94,65.4,64.4,1500,local_pose,38.3
33.8,22.94,65.4,64.4,1500,global_pose,29.9
33.8,22.94,65.4,64.4,1500,global_planner,3.2
33.8,22.94,65.4,64.4,1500,mission_logic,37.3
33.8,22.94,65.4,64.4,1500,corridor,35.1
33.8,22.94,65.4,64.4,1500,local_planner,42.5
33.8,22.94,65.4,64.4,1500,parking_planner,47.4
33.8,22.94,65.4,64.4,1500,recovery_planner,58.1
33.8,22.94,65.4,64.4,1500,path_tracker,33.1
33.8,22.94,65.4,64.4,1500,tunnel_bridge,21.1
33.8,22.94,65.4,64.4,1500,safety_monitor,43.8
33.8,22.94,65.4,64.4,1500,command_owner,42.5
33.8,22.94,65.4,64.4,1500,bpu_detector,43.5
33.8,22.94,65.4,64.4,1500,system_monitor,48.0
33.8,22.94,65.4,64.4,1500,calibration_wizard,39.6
33.8,22.94,65.4,64.4,1500,gui_server,56.8
33.8,22.94,65.4,64.4,1500,measure_load.py,2.3
36.9,22.94,65.6,64.7,1500,astra_camera_container,24.3
36.9,22.94,65.6,64.7,1500,ydlidar_ros2_driver_node,2.6
36.9,22.94,65.6,64.7,1500,joy_node,3.9
36.9,22.94,65.6,64.7,1500,servo_controller,31.4
36.9,22.94,65.6,64.7,1500,tunnel_wall_follower,7.1
36.9,22.94,65.6,64.7,1500,road_perception,51.9
36.9,22.94,65.6,64.7,1500,local_memory,26.9
36.9,22.94,65.6,64.7,1500,uwb_ranges,1.3
36.9,22.94,65.6,64.7,1500,local_pose,36.3
36.9,22.94,65.6,64.7,1500,global_pose,29.5
36.9,22.94,65.6,64.7,1500,global_planner,3.2
36.9,22.94,65.6,64.7,1500,mission_logic,37.9
36.9,22.94,65.6,64.7,1500,corridor,35.7
36.9,22.94,65.6,64.7,1500,local_planner,40.8
36.9,22.94,65.6,64.7,1500,parking_planner,46.7
36.9,22.94,65.6,64.7,1500,recovery_planner,56.7
36.9,22.94,65.6,64.7,1500,path_tracker,35.0
36.9,22.94,65.6,64.7,1500,tunnel_bridge,21.1
36.9,22.94,65.6,64.7,1500,safety_monitor,40.5
36.9,22.94,65.6,64.7,1500,command_owner,39.9
36.9,22.94,65.6,64.7,1500,bpu_detector,46.7
36.9,22.94,65.6,64.7,1500,system_monitor,57.4
36.9,22.94,65.6,64.7,1500,calibration_wizard,37.9
36.9,22.94,65.6,64.7,1500,gui_server,58.0
36.9,22.94,65.6,64.7,1500,measure_load.py,2.9
40.0,24.63,65.8,64.7,1500,astra_camera_container,24.3
40.0,24.63,65.8,64.7,1500,ydlidar_ros2_driver_node,2.6
40.0,24.63,65.8,64.7,1500,joy_node,3.9
40.0,24.63,65.8,64.7,1500,servo_controller,33.1
40.0,24.63,65.8,64.7,1500,tunnel_wall_follower,7.5
40.0,24.63,65.8,64.7,1500,road_perception,55.8
40.0,24.63,65.8,64.7,1500,local_memory,26.6
40.0,24.63,65.8,64.7,1500,uwb_ranges,1.9
40.0,24.63,65.8,64.7,1500,local_pose,36.0
40.0,24.63,65.8,64.7,1500,global_pose,29.2
40.0,24.63,65.8,64.7,1500,global_planner,3.2
40.0,24.63,65.8,64.7,1500,mission_logic,41.2
40.0,24.63,65.8,64.7,1500,corridor,35.7
40.0,24.63,65.8,64.7,1500,local_planner,42.8
40.0,24.63,65.8,64.7,1500,parking_planner,46.4
40.0,24.63,65.8,64.7,1500,recovery_planner,53.5
40.0,24.63,65.8,64.7,1500,path_tracker,34.0
40.0,24.63,65.8,64.7,1500,tunnel_bridge,22.0
40.0,24.63,65.8,64.7,1500,safety_monitor,38.6
40.0,24.63,65.8,64.7,1500,command_owner,39.2
40.0,24.63,65.8,64.7,1500,bpu_detector,44.7
40.0,24.63,65.8,64.7,1500,system_monitor,51.5
40.0,24.63,65.8,64.7,1500,calibration_wizard,41.8
40.0,24.63,65.8,64.7,1500,gui_server,56.4
40.0,24.63,65.8,64.7,1500,measure_load.py,2.6
43.1,24.63,65.8,64.7,1500,nxserver.bin,2.3
43.1,24.63,65.8,64.7,1500,astra_camera_container,23.7
43.1,24.63,65.8,64.7,1500,ydlidar_ros2_driver_node,2.3
43.1,24.63,65.8,64.7,1500,joy_node,3.6
43.1,24.63,65.8,64.7,1500,servo_controller,31.8
43.1,24.63,65.8,64.7,1500,tunnel_wall_follower,7.5
43.1,24.63,65.8,64.7,1500,road_perception,51.6
43.1,24.63,65.8,64.7,1500,local_memory,26.9
43.1,24.63,65.8,64.7,1500,uwb_ranges,1.6
43.1,24.63,65.8,64.7,1500,local_pose,38.9
43.1,24.63,65.8,64.7,1500,global_pose,29.2
43.1,24.63,65.8,64.7,1500,global_planner,3.2
43.1,24.63,65.8,64.7,1500,mission_logic,37.6
43.1,24.63,65.8,64.7,1500,corridor,34.1
43.1,24.63,65.8,64.7,1500,local_planner,42.2
43.1,24.63,65.8,64.7,1500,parking_planner,47.7
43.1,24.63,65.8,64.7,1500,recovery_planner,57.1
43.1,24.63,65.8,64.7,1500,path_tracker,34.4
43.1,24.63,65.8,64.7,1500,tunnel_bridge,22.7
43.1,24.63,65.8,64.7,1500,safety_monitor,41.5
43.1,24.63,65.8,64.7,1500,command_owner,42.5
43.1,24.63,65.8,64.7,1500,bpu_detector,39.6
43.1,24.63,65.8,64.7,1500,system_monitor,55.1
43.1,24.63,65.8,64.7,1500,calibration_wizard,38.3
43.1,24.63,65.8,64.7,1500,gui_server,57.1
43.1,24.63,65.8,64.7,1500,measure_load.py,2.6
46.2,24.58,65.9,65.0,1500,astra_camera_container,24.3
46.2,24.58,65.9,65.0,1500,ydlidar_ros2_driver_node,2.6
46.2,24.58,65.9,65.0,1500,joy_node,3.9
46.2,24.58,65.9,65.0,1500,servo_controller,31.5
46.2,24.58,65.9,65.0,1500,tunnel_wall_follower,7.5
46.2,24.58,65.9,65.0,1500,road_perception,54.2
46.2,24.58,65.9,65.0,1500,local_memory,25.9
46.2,24.58,65.9,65.0,1500,uwb_ranges,1.3
46.2,24.58,65.9,65.0,1500,local_pose,36.6
46.2,24.58,65.9,65.0,1500,global_pose,29.8
46.2,24.58,65.9,65.0,1500,global_planner,3.2
46.2,24.58,65.9,65.0,1500,mission_logic,39.2
46.2,24.58,65.9,65.0,1500,corridor,36.0
46.2,24.58,65.9,65.0,1500,local_planner,42.2
46.2,24.58,65.9,65.0,1500,parking_planner,46.7
46.2,24.58,65.9,65.0,1500,recovery_planner,58.0
46.2,24.58,65.9,65.0,1500,path_tracker,35.0
46.2,24.58,65.9,65.0,1500,tunnel_bridge,21.4
46.2,24.58,65.9,65.0,1500,safety_monitor,42.2
46.2,24.58,65.9,65.0,1500,command_owner,42.8
46.2,24.58,65.9,65.0,1500,bpu_detector,40.2
46.2,24.58,65.9,65.0,1500,system_monitor,50.6
46.2,24.58,65.9,65.0,1500,calibration_wizard,39.9
46.2,24.58,65.9,65.0,1500,gui_server,56.4
46.2,24.58,65.9,65.0,1500,measure_load.py,2.9
49.3,24.29,65.9,65.0,1500,astra_camera_container,24.3
49.3,24.29,65.9,65.0,1500,ydlidar_ros2_driver_node,2.9
49.3,24.29,65.9,65.0,1500,joy_node,3.9
49.3,24.29,65.9,65.0,1500,servo_controller,30.7
49.3,24.29,65.9,65.0,1500,tunnel_wall_follower,7.4
49.3,24.29,65.9,65.0,1500,road_perception,52.4
49.3,24.29,65.9,65.0,1500,local_memory,26.2
49.3,24.29,65.9,65.0,1500,uwb_ranges,1.9
49.3,24.29,65.9,65.0,1500,local_pose,34.9
49.3,24.29,65.9,65.0,1500,global_pose,29.1
49.3,24.29,65.9,65.0,1500,global_planner,3.2
49.3,24.29,65.9,65.0,1500,mission_logic,40.1
49.3,24.29,65.9,65.0,1500,corridor,35.6
49.3,24.29,65.9,65.0,1500,local_planner,43.0
49.3,24.29,65.9,65.0,1500,parking_planner,46.6
49.3,24.29,65.9,65.0,1500,recovery_planner,54.0
49.3,24.29,65.9,65.0,1500,path_tracker,34.6
49.3,24.29,65.9,65.0,1500,tunnel_bridge,20.7
49.3,24.29,65.9,65.0,1500,safety_monitor,41.7
49.3,24.29,65.9,65.0,1500,command_owner,41.7
49.3,24.29,65.9,65.0,1500,bpu_detector,42.7
49.3,24.29,65.9,65.0,1500,system_monitor,53.4
49.3,24.29,65.9,65.0,1500,calibration_wizard,39.8
49.3,24.29,65.9,65.0,1500,gui_server,59.9
49.3,24.29,65.9,65.0,1500,measure_load.py,2.3
52.4,24.29,66.1,65.0,1500,astra_camera_container,24.6
52.4,24.29,66.1,65.0,1500,ydlidar_ros2_driver_node,2.3
52.4,24.29,66.1,65.0,1500,joy_node,4.2
52.4,24.29,66.1,65.0,1500,servo_controller,31.7
52.4,24.29,66.1,65.0,1500,tunnel_wall_follower,7.4
52.4,24.29,66.1,65.0,1500,road_perception,51.1
52.4,24.29,66.1,65.0,1500,local_memory,26.2
52.4,24.29,66.1,65.0,1500,uwb_ranges,1.3
52.4,24.29,66.1,65.0,1500,local_pose,36.9
52.4,24.29,66.1,65.0,1500,global_pose,29.8
52.4,24.29,66.1,65.0,1500,global_planner,2.9
52.4,24.29,66.1,65.0,1500,mission_logic,42.4
52.4,24.29,66.1,65.0,1500,corridor,36.2
52.4,24.29,66.1,65.0,1500,local_planner,44.3
52.4,24.29,66.1,65.0,1500,parking_planner,45.3
52.4,24.29,66.1,65.0,1500,recovery_planner,53.7
52.4,24.29,66.1,65.0,1500,path_tracker,34.0
52.4,24.29,66.1,65.0,1500,tunnel_bridge,20.1
52.4,24.29,66.1,65.0,1500,safety_monitor,40.1
52.4,24.29,66.1,65.0,1500,command_owner,40.8
52.4,24.29,66.1,65.0,1500,bpu_detector,45.6
52.4,24.29,66.1,65.0,1500,system_monitor,49.2
52.4,24.29,66.1,65.0,1500,calibration_wizard,43.0
52.4,24.29,66.1,65.0,1500,gui_server,57.3
52.4,24.29,66.1,65.0,1500,measure_load.py,2.6
55.4,23.31,66.1,65.1,1500,astra_camera_container,23.7
55.4,23.31,66.1,65.1,1500,ydlidar_ros2_driver_node,2.6
55.4,23.31,66.1,65.1,1500,joy_node,4.2
55.4,23.31,66.1,65.1,1500,servo_controller,31.4
55.4,23.31,66.1,65.1,1500,tunnel_wall_follower,6.8
55.4,23.31,66.1,65.1,1500,road_perception,50.6
55.4,23.31,66.1,65.1,1500,local_memory,27.6
55.4,23.31,66.1,65.1,1500,uwb_ranges,1.6
55.4,23.31,66.1,65.1,1500,local_pose,37.6
55.4,23.31,66.1,65.1,1500,global_pose,29.8
55.4,23.31,66.1,65.1,1500,global_planner,3.2
55.4,23.31,66.1,65.1,1500,mission_logic,40.5
55.4,23.31,66.1,65.1,1500,corridor,36.0
55.4,23.31,66.1,65.1,1500,local_planner,41.8
55.4,23.31,66.1,65.1,1500,parking_planner,47.0
55.4,23.31,66.1,65.1,1500,recovery_planner,54.1
55.4,23.31,66.1,65.1,1500,path_tracker,32.4
55.4,23.31,66.1,65.1,1500,tunnel_bridge,20.4
55.4,23.31,66.1,65.1,1500,safety_monitor,42.1
55.4,23.31,66.1,65.1,1500,command_owner,40.5
55.4,23.31,66.1,65.1,1500,bpu_detector,41.8
55.4,23.31,66.1,65.1,1500,system_monitor,57.1
55.4,23.31,66.1,65.1,1500,calibration_wizard,39.2
55.4,23.31,66.1,65.1,1500,gui_server,59.0
55.4,23.31,66.1,65.1,1500,measure_load.py,2.6
58.5,22.72,66.2,65.2,1500,astra_camera_container,23.7
58.5,22.72,66.2,65.2,1500,ydlidar_ros2_driver_node,2.6
58.5,22.72,66.2,65.2,1500,joy_node,3.9
58.5,22.72,66.2,65.2,1500,servo_controller,32.8
58.5,22.72,66.2,65.2,1500,tunnel_wall_follower,6.5
58.5,22.72,66.2,65.2,1500,road_perception,55.2
58.5,22.72,66.2,65.2,1500,local_memory,26.9
58.5,22.72,66.2,65.2,1500,uwb_ranges,1.6
58.5,22.72,66.2,65.2,1500,local_pose,37.0
58.5,22.72,66.2,65.2,1500,global_pose,29.5
58.5,22.72,66.2,65.2,1500,global_planner,2.9
58.5,22.72,66.2,65.2,1500,mission_logic,37.0
58.5,22.72,66.2,65.2,1500,corridor,36.3
58.5,22.72,66.2,65.2,1500,local_planner,43.5
58.5,22.72,66.2,65.2,1500,parking_planner,48.4
58.5,22.72,66.2,65.2,1500,recovery_planner,54.5
58.5,22.72,66.2,65.2,1500,path_tracker,34.4
58.5,22.72,66.2,65.2,1500,tunnel_bridge,20.1
58.5,22.72,66.2,65.2,1500,safety_monitor,43.2
58.5,22.72,66.2,65.2,1500,command_owner,40.2
58.5,22.72,66.2,65.2,1500,bpu_detector,41.5
58.5,22.72,66.2,65.2,1500,system_monitor,49.7
58.5,22.72,66.2,65.2,1500,calibration_wizard,40.6
58.5,22.72,66.2,65.2,1500,gui_server,58.7
58.5,22.72,66.2,65.2,1500,measure_load.py,2.6
61.6,22.72,66.2,65.1,1500,astra_camera_container,24.0
61.6,22.72,66.2,65.1,1500,ydlidar_ros2_driver_node,2.6
61.6,22.72,66.2,65.1,1500,joy_node,3.9
61.6,22.72,66.2,65.1,1500,servo_controller,32.8
61.6,22.72,66.2,65.1,1500,tunnel_wall_follower,7.5
61.6,22.72,66.2,65.1,1500,road_perception,53.5
61.6,22.72,66.2,65.1,1500,local_memory,27.2
61.6,22.72,66.2,65.1,1500,uwb_ranges,1.3
61.6,22.72,66.2,65.1,1500,local_pose,37.0
61.6,22.72,66.2,65.1,1500,global_pose,30.8
61.6,22.72,66.2,65.1,1500,global_planner,3.2
61.6,22.72,66.2,65.1,1500,mission_logic,39.9
61.6,22.72,66.2,65.1,1500,corridor,36.0
61.6,22.72,66.2,65.1,1500,local_planner,45.4
61.6,22.72,66.2,65.1,1500,parking_planner,44.8
61.6,22.72,66.2,65.1,1500,recovery_planner,57.1
61.6,22.72,66.2,65.1,1500,path_tracker,33.4
61.6,22.72,66.2,65.1,1500,tunnel_bridge,21.1
61.6,22.72,66.2,65.1,1500,safety_monitor,38.6
61.6,22.72,66.2,65.1,1500,command_owner,39.6
61.6,22.72,66.2,65.1,1500,bpu_detector,42.8
61.6,22.72,66.2,65.1,1500,system_monitor,52.2
61.6,22.72,66.2,65.1,1500,calibration_wizard,41.5
61.6,22.72,66.2,65.1,1500,gui_server,56.8
61.6,22.72,66.2,65.1,1500,measure_load.py,2.9
